run_number,temperature,tags,summary,latency_ms,timestamp
1,0.7,"[""soccer game rescheduling"", ""venue change announcement"", ""logistical updates""]",Falcons vs. Tigers soccer semifinal moves to Spartan Stadium on September 12 due to field maintenance.,115146,2026-08-31T09:09:11.858403+00:00
2,0.7,"[""soccer match rescheduling"", ""venue change notice"", ""logistics update""]","Community soccer semifinal rescheduled to Spartan Stadium with early arrival, ID requirements, and a backup venue for rain.",119965,2026-08-31T09:11:11.826153+00:00
3,0.7,"[""soccer game rescheduling"", ""venue change notification"", ""logistics update""]","Community soccer semifinal rescheduled to Spartan Stadium on September 12 with early arrival, ID checks, and rain backup venue.",134565,2026-08-31T09:13:26.393249+00:00
4,0.7,"[""soccer match rescheduling"", ""venue change notification"", ""event logistics update""]",Falcons vs. Tigers soccer semifinal rescheduled to Spartan Stadium on September 12 due to field maintenance with logistical updates.,142509,2026-08-31T09:15:48.904541+00:00
5,0.7,"[""soccer game rescheduling"", ""venue change notification"", ""event logistics update""]","Community soccer semifinal rescheduled to Spartan Stadium on September 12 with early arrival, ID checks, and a backup venue for rain.",113449,2026-08-31T09:17:42.356890+00:00
6,0.7,"[""soccer semifinal reschedule"", ""venue change notification"", ""rain backup venue info""]",Falcons vs. Tigers soccer semifinal rescheduled to Spartan Stadium on September 12 due to field maintenance with arrival and venue details specified.,112268,2026-08-31T09:19:34.626711+00:00
7,0.7,"[""soccer match rescheduling"", ""stadium venue change"", ""event logistics update""]",Community soccer semifinal rescheduled to Spartan Stadium on September 12 with rain backup at the community center.,91446,2026-08-31T09:21:06.074221+00:00
8,0.7,"[""community soccer semifinal rescheduling"", ""spartan stadium location change"", ""logistics and backup venue""]",The Falcons and Tigers' soccer semifinal is rescheduled to Spartan Stadium on September 12 with logistics updates and a backup plan.,103940,2026-08-31T09:22:50.015781+00:00
9,0.7,"[""soccer semifinal rescheduling"", ""venue change notification"", ""community event logistics""]",Community soccer semifinal rescheduled to Spartan Stadium on September 12 with community center as backup.,84814,2026-08-31T09:24:14.830427+00:00
10,0.7,"[""soccer semifinal rescheduling"", ""field maintenance update"", ""event logistics changes""]","The Falcons vs. Tigers soccer semifinal is rescheduled to Spartan Stadium on September 12 due to field maintenance, with a backup venue and updated logistics.",79472,2026-08-31T09:25:34.303412+00:00
11,0.7,"[""soccer match rescheduling"", ""venue change announcement"", ""event logistics update""]","Community soccer semifinal rescheduled to Spartan Stadium on September 12 with early arrival, ID checks, and rain backup.",83270,2026-08-31T09:26:57.598974+00:00
12,0.7,"[""soccer game rescheduling"", ""field maintenance impact"", ""venue change logistics""]","The Falcons vs. Tigers soccer semifinal is rescheduled to Spartan Stadium on September 12 due to field maintenance, with the community center as a backup.",84928,2026-08-31T09:28:22.535504+00:00
13,0.7,"[""soccer match rescheduling"", ""field maintenance impact"", ""backup venue preparation""]",Community soccer semifinal rescheduled to Spartan Stadium on September 12 for field maintenance with rain backup.,83735,2026-08-31T09:29:46.273868+00:00
14,0.7,"[""soccer semifinal rescheduling"", ""field maintenance notice"", ""venue logistics update""]","Falcons vs. Tigers soccer semifinal rescheduled to Spartan Stadium on September 12 due to field maintenance with updated arrival times, ID requirements, and backup venue.",102776,2026-08-31T09:31:29.053440+00:00
15,0.7,"[""soccer semifinal rescheduling"", ""stadium venue change"", ""field maintenance reason""]",Community soccer semifinal moved to Spartan Stadium on Sept 12 due to field maintenance.,74064,2026-08-31T09:32:43.121333+00:00
16,0.7,"[""soccer semifinal reschedule"", ""stadium relocation"", ""field maintenance""]",Community soccer semifinal moved to Spartan Stadium on September 12 due to field maintenance.,151557,2026-08-31T09:35:14.681873+00:00
17,0.7,"[""soccer semifinal rescheduling"", ""stadium location change"", ""field maintenance reason""]",Falcons and Tigers' soccer semifinal moves to Spartan Stadium on September 12 due to field maintenance.,106172,2026-08-31T09:37:00.856129+00:00
18,0.7,"[""soccer semifinal rescheduling"", ""stadium venue change"", ""event logistics update""]","Falcons vs. Tigers soccer semifinal moves to Spartan Stadium on September 12 due to maintenance, with early arrival, ID, and backup venue requirements.",88382,2026-08-31T09:38:29.240204+00:00
19,0.7,"[""soccer semifinal rescheduling"", ""spartan stadium location change"", ""community center backup venue""]",Community soccer semifinal rescheduled to Spartan Stadium on September 12 with community center as backup.,77482,2026-08-31T09:39:46.726395+00:00
20,0.7,"[""soccer semifinal rescheduling"", ""spartan stadium event details"", ""field maintenance impact""]","Falcons vs. Tigers soccer semifinal rescheduled to Spartan Stadium on Sept 12 due to field maintenance; early arrival, ID checks, and community center backup if.",116941,2026-08-31T09:41:43.669536+00:00
1,0.0,"[""soccer match rescheduling"", ""venue change notification"", ""event logistics update""]",Falcons vs. Tigers soccer semifinal rescheduled to Spartan Stadium on September 12 with logistics and rain backup plan.,78533,2026-08-31T09:43:02.205907+00:00
2,0.0,"[""soccer match rescheduling"", ""venue change"", ""event logistics""]","Falcons vs. Tigers semifinal moves to Spartan Stadium on September 12 with early arrival, ID requirements, and a rain backup plan.",92203,2026-08-31T09:44:34.414686+00:00
3,0.0,"[""soccer match rescheduling"", ""venue change"", ""event logistics""]","Falcons vs. Tigers semifinal moves to Spartan Stadium on September 12 with early arrival, ID requirements, and a rain backup plan.",88365,2026-08-31T09:46:02.784040+00:00
4,0.0,"[""soccer match rescheduling"", ""venue change"", ""event logistics""]","Falcons vs. Tigers semifinal moves to Spartan Stadium on September 12 with early arrival, ID requirements, and a rain backup plan.",88281,2026-08-31T09:47:31.067558+00:00
5,0.0,"[""soccer match rescheduling"", ""venue change"", ""event logistics""]","Falcons vs. Tigers semifinal moves to Spartan Stadium on September 12 with early arrival, ID requirements, and a rain backup plan.",88256,2026-08-31T09:48:59.327073+00:00
6,0.0,"[""soccer match rescheduling"", ""venue change"", ""event logistics""]","Falcons vs. Tigers semifinal moves to Spartan Stadium on September 12 with early arrival, ID requirements, and a rain backup plan.",88098,2026-08-31T09:50:27.431274+00:00
7,0.0,"[""soccer match rescheduling"", ""venue change"", ""event logistics""]","Falcons vs. Tigers semifinal moves to Spartan Stadium on September 12 with early arrival, ID requirements, and a rain backup plan.",82749,2026-08-31T09:51:50.182047+00:00
8,0.0,"[""soccer match rescheduling"", ""venue change"", ""event logistics""]","Falcons vs. Tigers semifinal moves to Spartan Stadium on September 12 with early arrival, ID requirements, and a rain backup plan.",89246,2026-08-31T09:53:19.431175+00:00
9,0.0,"[""soccer match rescheduling"", ""venue change"", ""event logistics""]","Falcons vs. Tigers semifinal moves to Spartan Stadium on September 12 with early arrival, ID requirements, and a rain backup plan.",91327,2026-08-31T09:54:50.759901+00:00
10,0.0,"[""soccer match rescheduling"", ""venue change"", ""event logistics""]","Falcons vs. Tigers semifinal moves to Spartan Stadium on September 12 with early arrival, ID requirements, and a rain backup plan.",93800,2026-08-31T09:56:24.561491+00:00
11,0.0,"[""soccer match rescheduling"", ""venue change"", ""event logistics""]","Falcons vs. Tigers semifinal moves to Spartan Stadium on September 12 with early arrival, ID requirements, and a rain backup plan.",92287,2026-08-31T09:57:56.844835+00:00
12,0.0,"[""soccer match rescheduling"", ""venue change"", ""event logistics""]","Falcons vs. Tigers semifinal moves to Spartan Stadium on September 12 with early arrival, ID requirements, and a rain backup plan.",82133,2026-08-31T09:59:18.980049+00:00
13,0.0,"[""soccer match rescheduling"", ""venue change"", ""event logistics""]","Falcons vs. Tigers semifinal moves to Spartan Stadium on September 12 with early arrival, ID requirements, and a rain backup plan.",80201,2026-08-31T10:00:39.184342+00:00
14,0.0,"[""soccer match rescheduling"", ""venue change"", ""event logistics""]","Falcons vs. Tigers semifinal moves to Spartan Stadium on September 12 with early arrival, ID requirements, and a rain backup plan.",80211,2026-08-31T10:01:59.400999+00:00
15,0.0,"[""soccer match rescheduling"", ""venue change"", ""event logistics""]","Falcons vs. Tigers semifinal moves to Spartan Stadium on September 12 with early arrival, ID requirements, and a rain backup plan.",80224,2026-08-31T10:03:19.626620+00:00
16,0.0,"[""soccer match rescheduling"", ""venue change"", ""event logistics""]","Falcons vs. Tigers semifinal moves to Spartan Stadium on September 12 with early arrival, ID requirements, and a rain backup plan.",80356,2026-08-31T10:04:39.987917+00:00
17,0.0,"[""soccer match rescheduling"", ""venue change"", ""event logistics""]","Falcons vs. Tigers semifinal moves to Spartan Stadium on September 12 with early arrival, ID requirements, and a rain backup plan.",80782,2026-08-31T10:06:00.774292+00:00
18,0.0,"[""soccer match rescheduling"", ""venue change"", ""event logistics""]","Falcons vs. Tigers semifinal moves to Spartan Stadium on September 12 with early arrival, ID requirements, and a rain backup plan.",80119,2026-08-31T10:07:20.895283+00:00
19,0.0,"[""soccer match rescheduling"", ""venue change"", ""event logistics""]","Falcons vs. Tigers semifinal moves to Spartan Stadium on September 12 with early arrival, ID requirements, and a rain backup plan.",80216,2026-08-31T10:08:41.113860+00:00
20,0.0,"[""soccer match rescheduling"", ""venue change"", ""event logistics""]","Falcons vs. Tigers semifinal moves to Spartan Stadium on September 12 with early arrival, ID requirements, and a rain backup plan.",80231,2026-08-31T10:10:01.350380+00:00
