timestamp_utc,implementation,page_size,request_number,status_code,sql_statements,latency_ms,returned_records
2026-09-28T08:13:14.506998+00:00,naive,10,1,200,11,4.603,10
2026-09-28T08:13:14.510536+00:00,naive,10,2,200,11,3.496,10
2026-09-28T08:13:14.514099+00:00,naive,10,3,200,11,3.534,10
2026-09-28T08:13:14.517998+00:00,naive,10,4,200,11,3.863,10
2026-09-28T08:13:14.521507+00:00,naive,10,5,200,11,3.482,10
2026-09-28T08:13:14.525390+00:00,naive,10,6,200,11,3.86,10
2026-09-28T08:13:14.529002+00:00,naive,10,7,200,11,3.588,10
2026-09-28T08:13:14.532639+00:00,naive,10,8,200,11,3.609,10
2026-09-28T08:13:14.536117+00:00,naive,10,9,200,11,3.458,10
2026-09-28T08:13:14.539833+00:00,naive,10,10,200,11,3.697,10
2026-09-28T08:13:14.543107+00:00,naive,10,11,200,11,3.251,10
2026-09-28T08:13:14.546396+00:00,naive,10,12,200,11,3.266,10
2026-09-28T08:13:14.549973+00:00,naive,10,13,200,11,3.552,10
2026-09-28T08:13:14.553121+00:00,naive,10,14,200,11,3.13,10
2026-09-28T08:13:14.556302+00:00,naive,10,15,200,11,3.163,10
2026-09-28T08:13:14.559451+00:00,naive,10,16,200,11,3.131,10
2026-09-28T08:13:14.562471+00:00,naive,10,17,200,11,3.005,10
2026-09-28T08:13:14.565599+00:00,naive,10,18,200,11,3.108,10
2026-09-28T08:13:14.568928+00:00,naive,10,19,200,11,3.305,10
2026-09-28T08:13:14.572358+00:00,naive,10,20,200,11,3.407,10
2026-09-28T08:13:14.575985+00:00,naive,10,21,200,11,3.6,10
2026-09-28T08:13:14.579150+00:00,naive,10,22,200,11,3.141,10
2026-09-28T08:13:14.582778+00:00,naive,10,23,200,11,3.606,10
2026-09-28T08:13:14.586048+00:00,naive,10,24,200,11,3.249,10
2026-09-28T08:13:14.589316+00:00,naive,10,25,200,11,3.245,10
2026-09-28T08:13:14.592525+00:00,naive,10,26,200,11,3.185,10
2026-09-28T08:13:14.595566+00:00,naive,10,27,200,11,3.023,10
2026-09-28T08:13:14.598603+00:00,naive,10,28,200,11,3.021,10
2026-09-28T08:13:14.601731+00:00,naive,10,29,200,11,3.113,10
2026-09-28T08:13:14.605228+00:00,naive,10,30,200,11,3.478,10
2026-09-28T08:13:14.616651+00:00,naive,50,1,200,51,11.377,50
2026-09-28T08:13:14.627456+00:00,naive,50,2,200,51,10.761,50
2026-09-28T08:13:14.637244+00:00,naive,50,3,200,51,9.74,50
2026-09-28T08:13:14.647666+00:00,naive,50,4,200,51,10.375,50
2026-09-28T08:13:14.658830+00:00,naive,50,5,200,51,11.114,50
2026-09-28T08:13:14.669503+00:00,naive,50,6,200,51,10.631,50
2026-09-28T08:13:14.680225+00:00,naive,50,7,200,51,10.678,50
2026-09-28T08:13:14.688695+00:00,naive,50,8,200,51,8.421,50
2026-09-28T08:13:14.697217+00:00,naive,50,9,200,51,8.48,50
2026-09-28T08:13:14.705656+00:00,naive,50,10,200,51,8.398,50
2026-09-28T08:13:14.714476+00:00,naive,50,11,200,51,8.77,50
2026-09-28T08:13:14.723330+00:00,naive,50,12,200,51,8.8,50
2026-09-28T08:13:14.731847+00:00,naive,50,13,200,51,8.465,50
2026-09-28T08:13:14.740786+00:00,naive,50,14,200,51,8.888,50
2026-09-28T08:13:14.749730+00:00,naive,50,15,200,51,8.887,50
2026-09-28T08:13:14.758614+00:00,naive,50,16,200,51,8.831,50
2026-09-28T08:13:14.766966+00:00,naive,50,17,200,51,8.308,50
2026-09-28T08:13:14.774722+00:00,naive,50,18,200,51,7.712,50
2026-09-28T08:13:14.782260+00:00,naive,50,19,200,51,7.497,50
2026-09-28T08:13:14.789896+00:00,naive,50,20,200,51,7.596,50
2026-09-28T08:13:14.797366+00:00,naive,50,21,200,51,7.431,50
2026-09-28T08:13:14.804746+00:00,naive,50,22,200,51,7.342,50
2026-09-28T08:13:14.812000+00:00,naive,50,23,200,51,7.22,50
2026-09-28T08:13:14.819855+00:00,naive,50,24,200,51,7.812,50
2026-09-28T08:13:14.827386+00:00,naive,50,25,200,51,7.489,50
2026-09-28T08:13:14.834992+00:00,naive,50,26,200,51,7.567,50
2026-09-28T08:13:14.842494+00:00,naive,50,27,200,51,7.464,50
2026-09-28T08:13:14.850758+00:00,naive,50,28,200,51,8.221,50
2026-09-28T08:13:14.859071+00:00,naive,50,29,200,51,8.267,50
2026-09-28T08:13:14.867404+00:00,naive,50,30,200,51,8.293,50
2026-09-28T08:13:14.895450+00:00,naive,200,1,200,201,27.934,200
2026-09-28T08:13:14.924546+00:00,naive,200,2,200,201,28.983,200
2026-09-28T08:13:14.952906+00:00,naive,200,3,200,201,28.24,200
2026-09-28T08:13:14.981671+00:00,naive,200,4,200,201,28.647,200
2026-09-28T08:13:15.010367+00:00,naive,200,5,200,201,28.579,200
2026-09-28T08:13:15.039341+00:00,naive,200,6,200,201,28.863,200
2026-09-28T08:13:15.067985+00:00,naive,200,7,200,201,28.525,200
2026-09-28T08:13:15.096262+00:00,naive,200,8,200,201,28.156,200
2026-09-28T08:13:15.125294+00:00,naive,200,9,200,201,28.919,200
2026-09-28T08:13:15.153350+00:00,naive,200,10,200,201,27.948,200
2026-09-28T08:13:15.182709+00:00,naive,200,11,200,201,29.216,200
2026-09-28T08:13:15.216926+00:00,naive,200,12,200,201,34.089,200
2026-09-28T08:13:15.255145+00:00,naive,200,13,200,201,38.089,200
2026-09-28T08:13:15.281920+00:00,naive,200,14,200,201,26.655,200
2026-09-28T08:13:15.310751+00:00,naive,200,15,200,201,28.716,200
2026-09-28T08:13:15.340949+00:00,naive,200,16,200,201,30.082,200
2026-09-28T08:13:15.370083+00:00,naive,200,17,200,201,29.024,200
2026-09-28T08:13:15.399159+00:00,naive,200,18,200,201,28.961,200
2026-09-28T08:13:15.427784+00:00,naive,200,19,200,201,28.509,200
2026-09-28T08:13:15.457402+00:00,naive,200,20,200,201,29.502,200
2026-09-28T08:13:15.485813+00:00,naive,200,21,200,201,28.302,200
2026-09-28T08:13:15.515439+00:00,naive,200,22,200,201,29.507,200
2026-09-28T08:13:15.545142+00:00,naive,200,23,200,201,29.586,200
2026-09-28T08:13:15.574214+00:00,naive,200,24,200,201,28.959,200
2026-09-28T08:13:15.603456+00:00,naive,200,25,200,201,29.109,200
2026-09-28T08:13:15.633359+00:00,naive,200,26,200,201,29.776,200
2026-09-28T08:13:15.664229+00:00,naive,200,27,200,201,30.739,200
2026-09-28T08:13:15.691223+00:00,naive,200,28,200,201,26.877,200
2026-09-28T08:13:15.719244+00:00,naive,200,29,200,201,27.915,200
2026-09-28T08:13:15.748402+00:00,naive,200,30,200,201,29.039,200
2026-09-28T08:13:15.750602+00:00,fixed,10,1,200,2,2.157,10
2026-09-28T08:13:15.752247+00:00,fixed,10,2,200,2,1.618,10
2026-09-28T08:13:15.753763+00:00,fixed,10,3,200,2,1.489,10
2026-09-28T08:13:15.755360+00:00,fixed,10,4,200,2,1.573,10
2026-09-28T08:13:15.756964+00:00,fixed,10,5,200,2,1.585,10
2026-09-28T08:13:15.758511+00:00,fixed,10,6,200,2,1.529,10
2026-09-28T08:13:15.759999+00:00,fixed,10,7,200,2,1.468,10
2026-09-28T08:13:15.761434+00:00,fixed,10,8,200,2,1.417,10
2026-09-28T08:13:15.762879+00:00,fixed,10,9,200,2,1.427,10
2026-09-28T08:13:15.764371+00:00,fixed,10,10,200,2,1.474,10
2026-09-28T08:13:15.765813+00:00,fixed,10,11,200,2,1.417,10
2026-09-28T08:13:15.767283+00:00,fixed,10,12,200,2,1.45,10
2026-09-28T08:13:15.768670+00:00,fixed,10,13,200,2,1.368,10
2026-09-28T08:13:15.770182+00:00,fixed,10,14,200,2,1.494,10
2026-09-28T08:13:15.771791+00:00,fixed,10,15,200,2,1.59,10
2026-09-28T08:13:15.773230+00:00,fixed,10,16,200,2,1.42,10
2026-09-28T08:13:15.774641+00:00,fixed,10,17,200,2,1.395,10
2026-09-28T08:13:15.776170+00:00,fixed,10,18,200,2,1.512,10
2026-09-28T08:13:15.777659+00:00,fixed,10,19,200,2,1.453,10
2026-09-28T08:13:15.779108+00:00,fixed,10,20,200,2,1.412,10
2026-09-28T08:13:15.780522+00:00,fixed,10,21,200,2,1.396,10
2026-09-28T08:13:15.782007+00:00,fixed,10,22,200,2,1.466,10
2026-09-28T08:13:15.783699+00:00,fixed,10,23,200,2,1.67,10
2026-09-28T08:13:15.785248+00:00,fixed,10,24,200,2,1.529,10
2026-09-28T08:13:15.786662+00:00,fixed,10,25,200,2,1.396,10
2026-09-28T08:13:15.788191+00:00,fixed,10,26,200,2,1.511,10
2026-09-28T08:13:15.789583+00:00,fixed,10,27,200,2,1.37,10
2026-09-28T08:13:15.791029+00:00,fixed,10,28,200,2,1.429,10
2026-09-28T08:13:15.792345+00:00,fixed,10,29,200,2,1.301,10
2026-09-28T08:13:15.793655+00:00,fixed,10,30,200,2,1.293,10
2026-09-28T08:13:15.795539+00:00,fixed,50,1,200,2,1.85,50
2026-09-28T08:13:15.797528+00:00,fixed,50,2,200,2,1.952,50
2026-09-28T08:13:15.799440+00:00,fixed,50,3,200,2,1.872,50
2026-09-28T08:13:15.801302+00:00,fixed,50,4,200,2,1.823,50
2026-09-28T08:13:15.803048+00:00,fixed,50,5,200,2,1.708,50
2026-09-28T08:13:15.804824+00:00,fixed,50,6,200,2,1.74,50
2026-09-28T08:13:15.806609+00:00,fixed,50,7,200,2,1.738,50
2026-09-28T08:13:15.808323+00:00,fixed,50,8,200,2,1.677,50
2026-09-28T08:13:15.810053+00:00,fixed,50,9,200,2,1.692,50
2026-09-28T08:13:15.811894+00:00,fixed,50,10,200,2,1.807,50
2026-09-28T08:13:15.813891+00:00,fixed,50,11,200,2,1.96,50
2026-09-28T08:13:15.816028+00:00,fixed,50,12,200,2,2.101,50
2026-09-28T08:13:15.817854+00:00,fixed,50,13,200,2,1.793,50
2026-09-28T08:13:15.819574+00:00,fixed,50,14,200,2,1.688,50
2026-09-28T08:13:15.821445+00:00,fixed,50,15,200,2,1.838,50
2026-09-28T08:13:15.823287+00:00,fixed,50,16,200,2,1.808,50
2026-09-28T08:13:15.825064+00:00,fixed,50,17,200,2,1.748,50
2026-09-28T08:13:15.826829+00:00,fixed,50,18,200,2,1.733,50
2026-09-28T08:13:15.828775+00:00,fixed,50,19,200,2,1.914,50
2026-09-28T08:13:15.830728+00:00,fixed,50,20,200,2,1.918,50
2026-09-28T08:13:15.832573+00:00,fixed,50,21,200,2,1.812,50
2026-09-28T08:13:15.834409+00:00,fixed,50,22,200,2,1.793,50
2026-09-28T08:13:15.836386+00:00,fixed,50,23,200,2,1.942,50
2026-09-28T08:13:15.838784+00:00,fixed,50,24,200,2,2.36,50
2026-09-28T08:13:15.840874+00:00,fixed,50,25,200,2,2.051,50
2026-09-28T08:13:15.842878+00:00,fixed,50,26,200,2,1.969,50
2026-09-28T08:13:15.844765+00:00,fixed,50,27,200,2,1.852,50
2026-09-28T08:13:15.846808+00:00,fixed,50,28,200,2,2.006,50
2026-09-28T08:13:15.848984+00:00,fixed,50,29,200,2,2.139,50
2026-09-28T08:13:15.851069+00:00,fixed,50,30,200,2,2.046,50
2026-09-28T08:13:15.854403+00:00,fixed,200,1,200,2,3.161,200
2026-09-28T08:13:15.857758+00:00,fixed,200,2,200,2,3.255,200
2026-09-28T08:13:15.860965+00:00,fixed,200,3,200,2,3.107,200
2026-09-28T08:13:15.864076+00:00,fixed,200,4,200,2,3.013,200
2026-09-28T08:13:15.867270+00:00,fixed,200,5,200,2,3.083,200
2026-09-28T08:13:15.870352+00:00,fixed,200,6,200,2,2.99,200
2026-09-28T08:13:15.887652+00:00,fixed,200,7,200,2,17.197,200
2026-09-28T08:13:15.891273+00:00,fixed,200,8,200,2,3.517,200
2026-09-28T08:13:15.894671+00:00,fixed,200,9,200,2,3.297,200
2026-09-28T08:13:15.897975+00:00,fixed,200,10,200,2,3.205,200
2026-09-28T08:13:15.901133+00:00,fixed,200,11,200,2,3.064,200
2026-09-28T08:13:15.904411+00:00,fixed,200,12,200,2,3.181,200
2026-09-28T08:13:15.907716+00:00,fixed,200,13,200,2,3.208,200
2026-09-28T08:13:15.910771+00:00,fixed,200,14,200,2,2.963,200
2026-09-28T08:13:15.914290+00:00,fixed,200,15,200,2,3.406,200
2026-09-28T08:13:15.917688+00:00,fixed,200,16,200,2,3.293,200
2026-09-28T08:13:15.920891+00:00,fixed,200,17,200,2,3.1,200
2026-09-28T08:13:15.923911+00:00,fixed,200,18,200,2,2.929,200
2026-09-28T08:13:15.926909+00:00,fixed,200,19,200,2,2.904,200
2026-09-28T08:13:15.930064+00:00,fixed,200,20,200,2,3.06,200
2026-09-28T08:13:15.933287+00:00,fixed,200,21,200,2,3.125,200
2026-09-28T08:13:15.936319+00:00,fixed,200,22,200,2,2.943,200
2026-09-28T08:13:15.939349+00:00,fixed,200,23,200,2,2.929,200
2026-09-28T08:13:15.942512+00:00,fixed,200,24,200,2,3.069,200
2026-09-28T08:13:15.945588+00:00,fixed,200,25,200,2,2.98,200
2026-09-28T08:13:15.948916+00:00,fixed,200,26,200,2,3.227,200
2026-09-28T08:13:15.952248+00:00,fixed,200,27,200,2,3.236,200
2026-09-28T08:13:15.955516+00:00,fixed,200,28,200,2,3.171,200
2026-09-28T08:13:15.958641+00:00,fixed,200,29,200,2,3.028,200
2026-09-28T08:13:15.961960+00:00,fixed,200,30,200,2,3.219,200
